{"statsTp1_045":{"label":"TP1=0.45R (full 6-month)","signals":483,"closed":483,"winRate":73.70600414078675,"avgR":0.2159420289855117,"profitFactor":1.821259842519699,"maxDD":10.599999999999795,"avgSlPips":9.399585921325082},"statsWiderSL":{"label":"SL+20% (full 6-month)","signals":483,"closed":483,"winRate":79.71014492753623,"avgR":0.15700483091788184,"profitFactor":1.7738095238095692,"maxDD":8.2916666666665,"avgSlPips":11.279503105590003},"perPairStats":{"EURUSD":{"label":"EURUSD","signals":50,"closed":50,"winRate":78,"avgR":0.21300000000005656,"profitFactor":1.9681818181820745,"maxDD":4.29999999999926,"avgSlPips":6.580000000000162},"GBPUSD":{"label":"GBPUSD","signals":4,"closed":4,"winRate":75,"avgR":0.28750000000002307,"profitFactor":2.1500000000000923,"maxDD":1,"avgSlPips":8.999999999999563},"USDJPY":{"label":"USDJPY","signals":3,"closed":3,"winRate":100,"avgR":0.34999999999993664,"profitFactor":null,"maxDD":0,"avgSlPips":14.000000000000531},"USDCHF":{"label":"USDCHF","signals":3,"closed":3,"winRate":33.33333333333333,"avgR":-0.5499999999999846,"profitFactor":0.17500000000002314,"maxDD":2,"avgSlPips":6.000000000000079},"USDCAD":{"label":"USDCAD","signals":4,"closed":4,"winRate":100,"avgR":0.4875000000000693,"profitFactor":null,"maxDD":0,"avgSlPips":6.499999999999839},"AUDUSD":{"label":"AUDUSD","signals":4,"closed":4,"winRate":100,"avgR":0.3499999999999861,"profitFactor":null,"maxDD":0,"avgSlPips":5.999999999999894},"NZDUSD":{"label":"NZDUSD","signals":2,"closed":2,"winRate":100,"avgR":1.0750000000000233,"profitFactor":null,"maxDD":0,"avgSlPips":6.000000000000449},"EURGBP":{"label":"EURGBP","signals":59,"closed":59,"winRate":77.96610169491525,"avgR":0.1669491525423737,"profitFactor":1.757692307692312,"maxDD":5.550000000000217,"avgSlPips":6.186440677966098},"EURJPY":{"label":"EURJPY","signals":54,"closed":54,"winRate":81.48148148148148,"avgR":0.3194444444443938,"profitFactor":2.724999999999727,"maxDD":3.100000000000044,"avgSlPips":11.518518518518464},"GBPJPY":{"label":"GBPJPY","signals":49,"closed":49,"winRate":75.51020408163265,"avgR":0.19081632653056332,"profitFactor":1.7791666666664676,"maxDD":4,"avgSlPips":11.632653061224351},"AUDJPY":{"label":"AUDJPY","signals":64,"closed":64,"winRate":78.125,"avgR":0.21171875000003584,"profitFactor":1.9678571428573068,"maxDD":3,"avgSlPips":9.843749999999991},"CADJPY":{"label":"CADJPY","signals":46,"closed":46,"winRate":78.26086956521739,"avgR":0.22282608695655923,"profitFactor":2.0250000000001727,"maxDD":2.299999999999841,"avgSlPips":9.826086956521669},"CHFJPY":{"label":"CHFJPY","signals":62,"closed":62,"winRate":66.12903225806451,"avgR":-0.01290322580648917,"profitFactor":0.9619047619046512,"maxDD":7.350000000001041,"avgSlPips":10.96774193548366},"NZDJPY":{"label":"NZDJPY","signals":79,"closed":79,"winRate":79.74683544303798,"avgR":0.19177215189877594,"profitFactor":1.9468750000002062,"maxDD":2.6499999999999204,"avgSlPips":9.291139240506435}}}