{"rows":[{"pair":"EURUSD","n":267,"wr":18.352059925093634,"avgR":-0.13668104771269116,"pf":0.7169434015658585,"dd":47.18418504484615,"outN":89,"outAvgR":-0.22792243662843464,"outWR":14.606741573033707,"pass":false},{"pair":"EURJPY","n":295,"wr":12.54237288135593,"avgR":-0.29491491995357727,"pf":0.3401033387698176,"dd":86.9999013863053,"outN":99,"outAvgR":-0.28437700436370783,"outWR":11.11111111111111,"pass":false},{"pair":"GBPJPY","n":292,"wr":16.78082191780822,"avgR":-0.306051279888558,"pf":0.33878364204324485,"dd":89.45578871248699,"outN":98,"outAvgR":-0.36340661245504285,"outWR":16.3265306122449,"pass":false},{"pair":"AUDJPY","n":285,"wr":14.736842105263156,"avgR":-0.24145484365923692,"pf":0.5137558141896813,"dd":76.79862316643664,"outN":95,"outAvgR":-0.3491285688579834,"outWR":13.684210526315791,"pass":false}]}