{"splitTime":"2026-05-06T10:10:33.000Z","fullPeriod":{"label":"Confirmation delay (full period)","signals":1891,"closed":1888,"winRate":71.82203389830508,"avgR":-0.20698088343884669,"profitFactor":0.488814403289213,"maxDD":394.9678707984346,"avgSlPips":13.327712597265288,"avgTp1Pips":4.66469940904285},"inSample":{"label":"Confirmation delay (in-sample)","signals":1376,"closed":1373,"winRate":71.37654770575382,"avgR":-0.21618307527436442,"profitFactor":0.48622122644252425,"maxDD":297.7773935899871,"avgSlPips":13.585212692068138,"avgTp1Pips":4.754824442223869},"outOfSample":{"label":"Confirmation delay (out-of-sample)","signals":515,"closed":515,"winRate":73.00970873786407,"avgR":-0.18244766132202053,"profitFactor":0.4968369347652559,"maxDD":97.28551137635283,"avgSlPips":12.639712343966702,"avgTp1Pips":4.4238993203883155}}