{"splitTime":"2026-05-05T22:19:12.000Z","totalSignals":184,"fullPeriod":{"label":"D1 confluence (full period)","signals":184,"closed":119,"winRate":1.680672268907563,"avgR":-0.9780494993821214,"profitFactor":0.021120308369272495,"maxDD":116.38789042647244,"avgSlPips":145.99474758309634,"avgWinPips":175.167000000001},"inSample":{"label":"D1 confluence (in-sample)","signals":50,"closed":40,"winRate":2.5,"avgR":-0.9531499968113405,"profitFactor":0.03758342646086322,"maxDD":38.12599987245362,"avgSlPips":152.88196308732992,"avgWinPips":216.65000000000188},"outOfSample":{"label":"D1 confluence (out-of-sample)","signals":134,"closed":79,"winRate":1.2658227848101267,"avgR":-0.9906568424559342,"profitFactor":0.012894406576778358,"maxDD":78.2618905540188,"avgSlPips":143.42489105166587,"avgWinPips":133.68400000000008},"exitBreakdown":{"trailExits":2,"slHits":117,"openTrades":65}}