{"splitTime":"2026-05-06T10:10:33.000Z","totalSignals":140,"fullPeriod":{"label":"Forex breakout (full period)","signals":140,"closed":140,"winRate":22.142857142857142,"avgR":-0.4138172514707707,"profitFactor":0.5223849911622123,"maxDD":57.9344152059079,"avgSlPips":22.800000000000033},"inSample":{"label":"Forex breakout (in-sample)","signals":109,"closed":109,"winRate":23.853211009174313,"avgR":-0.3284811888570402,"profitFactor":0.6132514205067309,"maxDD":45.76977356959094,"avgSlPips":23.04587155963307},"outOfSample":{"label":"Forex breakout (out-of-sample)","signals":31,"closed":31,"winRate":16.129032258064516,"avgR":-0.7138698587255015,"profitFactor":0.2294929021560207,"maxDD":22.129965620490545,"avgSlPips":21.9354838709678},"exitBreakdown":{"trailExits":31,"slHits":109,"openTrades":0}}