{"splitTime":"2026-05-06T10:10:33.000Z","totalSignals":2575,"fullPeriod":{"label":"H1 trend + M5 pullback (full period)","signals":2575,"closed":2391,"winRate":17.984107068172314,"avgR":-0.6351855913378959,"profitFactor":0.2578921077434936,"maxDD":1518.728748888909,"avgSlPips":44.99999999999995},"inSample":{"label":"H1 trend + M5 pullback (in-sample)","signals":1646,"closed":1555,"winRate":20,"avgR":-0.587211414076451,"profitFactor":0.29677055002002306,"maxDD":916.2199933333255,"avgSlPips":44.99999999999992},"outOfSample":{"label":"H1 trend + M5 pullback (out-of-sample)","signals":929,"closed":836,"winRate":14.23444976076555,"avgR":-0.7244198564593286,"profitFactor":0.19040719263744293,"maxDD":605.6149999999988,"avgSlPips":44.99999999999967},"exitBreakdown":{"trailExits":430,"slHits":1961,"openTrades":184}}