{"splitTime":"2026-05-06T10:26:24.000Z","totalSignals":677,"fullPeriod":{"label":"H4 divergence (full period)","signals":677,"closed":558,"winRate":31.36200716845878,"avgR":-0.1855021145014367,"profitFactor":0.7411285023982958,"maxDD":130.34562852857425,"avgSlPips":78.47674226433674,"avgWinPips":87.55736571428568},"inSample":{"label":"H4 divergence (in-sample)","signals":417,"closed":346,"winRate":31.502890173410403,"avgR":-0.18831886938885561,"profitFactor":0.7357661878516157,"maxDD":70.59799502106534,"avgSlPips":86.42126684779642,"avgWinPips":101.78359633027523},"outOfSample":{"label":"H4 divergence (out-of-sample)","signals":260,"closed":212,"winRate":31.132075471698112,"avgR":-0.18090495793989436,"profitFactor":0.7497565055997807,"maxDD":66.29701136031083,"avgSlPips":65.73494706701861,"avgWinPips":64.06253030303017},"exitBreakdown":{"trailExits":175,"slHits":383,"openTrades":119}}