{"statsWithCosts":{"label":"Current + 1.5 pip costs","signals":483,"closed":483,"winRate":77.01863354037268,"avgR":-0.004317183276807183,"profitFactor":0.9841350815342047,"maxDD":18.325961538460938,"avgSlPips":9.399585921325082,"avgTp1Pips":3.296066252588002},"statsTp1Min8":{"label":"TP1 min 8 pips + 1.5 pip costs","signals":483,"closed":483,"winRate":64.18219461697723,"avgR":0.06674970704474689,"profitFactor":1.1564777276215317,"maxDD":13.765384615384818,"avgSlPips":9.399585921325082,"avgTp1Pips":8.066873706004142},"tp1HitAnalysis":{"total":286,"below8Pips":268,"cutInHalf":115}}