{"splitTime":"2026-05-06T10:10:33.000Z","totalSignals":26455,"fullPeriod":{"label":"Simple trend (full period)","signals":26455,"closed":26405,"winRate":21.24218897935997,"avgR":-0.6661598817309425,"profitFactor":0.4117097154365522,"maxDD":17590.104513113452,"avgSlPips":7.560030025828855},"inSample":{"label":"Simple trend (in-sample)","signals":15411,"closed":15407,"winRate":21.808268968650612,"avgR":-0.5938616566586353,"profitFactor":0.4634724191734502,"maxDD":9158.141300582414,"avgSlPips":8.36540687894153},"outOfSample":{"label":"Simple trend (out-of-sample)","signals":11044,"closed":10998,"winRate":20.44917257683215,"avgR":-0.7674418196913945,"profitFactor":0.34299711784356257,"maxDD":8466.300628777613,"avgSlPips":6.436192405100788}}