{"splitTime":"2026-05-06T10:10:33.000Z","singleTp11":{"inSample":{"label":"Single TP 11 pips (in-sample)","signals":364,"closed":364,"winRate":54.670329670329664,"avgR":0.008873483811708934,"profitFactor":1.0156858247296678,"maxDD":15.613522588520075,"avgSlPips":9.491758241758246,"avgTpPips":11},"outOfSample":{"label":"Single TP 11 pips (out-of-sample)","signals":119,"closed":118,"winRate":47.45762711864407,"avgR":-0.1282965668982455,"profitFactor":0.8032027947767323,"maxDD":24.080234210232042,"avgSlPips":9.117647058823527,"avgTpPips":11}}}