{"splitTime":"2026-05-06T10:10:33.000Z","fullPeriod":{"label":"Target SMA20 (full period)","signals":2114,"closed":2114,"winRate":20.6717123935667,"avgR":-0.40746401005631305,"profitFactor":0.4505616845948082,"maxDD":863.2122683613749,"avgSlPips":9.509433254493853,"avgTargetPips":19.985753867075505},"inSample":{"label":"Target SMA20 (in-sample)","signals":1545,"closed":1545,"winRate":20.776699029126213,"avgR":-0.4142878425944156,"profitFactor":0.45752631842734903,"maxDD":644.4096969224746,"avgSlPips":9.770402431807696,"avgTargetPips":20.623343932038875},"outOfSample":{"label":"Target SMA20 (out-of-sample)","signals":569,"closed":569,"winRate":20.38664323374341,"avgR":-0.388935325923854,"profitFactor":0.4293725464148343,"maxDD":221.3042004506729,"avgSlPips":8.800826261611823,"avgTargetPips":18.25451195078652},"exitBreakdown":{"targetHits":307,"timeCutoffs":188,"slHits":1619}}