{"cutoff":"2026-05-05T01:06:40.000Z","inStats":{"label":"IN-SAMPLE (months 1-4)","signals":980,"closed":980,"winRate":65.20408163265307,"avgR":0.19357142857142648,"profitFactor":1.5563049853372375,"maxDD":15.40000000000039,"avgSlPips":9.207483122987528},"outStats":{"label":"OUT-OF-SAMPLE (months 5-6)","signals":376,"closed":376,"winRate":57.446808510638306,"avgR":0.014361702127654351,"profitFactor":1.0337499999999913,"maxDD":12.299999999999695,"avgSlPips":8.426299317035047},"verdict":"PASS","reasoning":"Out-of-sample performance holds up: WR stays above 50%, avgR stays positive, and the drop from in-sample is reasonable (<15 percentage points). This strategy demonstrates real edge, not overfitting.","perPairInSample":{"EURUSD":{"label":"EURUSD IN-SAMPLE","signals":109,"closed":109,"winRate":65.13761467889908,"avgR":0.14403669724767781,"profitFactor":1.413157894736762,"maxDD":6.200000000000223,"avgSlPips":8.182494114022262},"EURGBP":{"label":"EURGBP IN-SAMPLE","signals":107,"closed":107,"winRate":71.02803738317756,"avgR":0.244859813084101,"profitFactor":1.8451612903225445,"maxDD":8.200000000000056,"avgSlPips":8.026916714980562},"EURJPY":{"label":"EURJPY IN-SAMPLE","signals":129,"closed":129,"winRate":68.21705426356588,"avgR":0.27596899224807886,"profitFactor":1.8682926829268822,"maxDD":5,"avgSlPips":9.70740310805975},"GBPUSD":{"label":"GBPUSD IN-SAMPLE","signals":0,"closed":0,"winRate":0,"avgR":0,"profitFactor":0,"maxDD":0,"avgSlPips":0},"USDJPY":{"label":"USDJPY IN-SAMPLE","signals":0,"closed":0,"winRate":0,"avgR":0,"profitFactor":0,"maxDD":0,"avgSlPips":0},"USDCHF":{"label":"USDCHF IN-SAMPLE","signals":0,"closed":0,"winRate":0,"avgR":0,"profitFactor":0,"maxDD":0,"avgSlPips":0},"USDCAD":{"label":"USDCAD IN-SAMPLE","signals":0,"closed":0,"winRate":0,"avgR":0,"profitFactor":0,"maxDD":0,"avgSlPips":0},"AUDUSD":{"label":"AUDUSD IN-SAMPLE","signals":0,"closed":0,"winRate":0,"avgR":0,"profitFactor":0,"maxDD":0,"avgSlPips":0},"NZDUSD":{"label":"NZDUSD IN-SAMPLE","signals":0,"closed":0,"winRate":0,"avgR":0,"profitFactor":0,"maxDD":0,"avgSlPips":0},"AUDJPY":{"label":"AUDJPY IN-SAMPLE","signals":123,"closed":123,"winRate":70.73170731707317,"avgR":0.30487804878048164,"profitFactor":2.0416666666666474,"maxDD":4.800000000000111,"avgSlPips":9.172640343561309},"CADJPY":{"label":"CADJPY IN-SAMPLE","signals":120,"closed":120,"winRate":62.5,"avgR":0.17083333333332548,"profitFactor":1.4555555555555344,"maxDD":6.600000000000035,"avgSlPips":8.678384748967918},"CHFJPY":{"label":"CHFJPY IN-SAMPLE","signals":135,"closed":135,"winRate":54.074074074074076,"avgR":-0.01851851851851672,"profitFactor":0.9596774193548433,"maxDD":15.400000000000421,"avgSlPips":10.369885804664946},"NZDJPY":{"label":"NZDJPY IN-SAMPLE","signals":120,"closed":120,"winRate":64.16666666666667,"avgR":0.19249999999998937,"profitFactor":1.5372093023255529,"maxDD":6.500000000000003,"avgSlPips":8.487886465382326},"GBPJPY":{"label":"GBPJPY IN-SAMPLE","signals":137,"closed":137,"winRate":67.15328467153284,"avgR":0.24525547445256263,"profitFactor":1.746666666666692,"maxDD":6.3999999999997605,"avgSlPips":10.453902343407595}},"perPairOutOfSample":{"EURUSD":{"label":"EURUSD OUT-OF-SAMPLE","signals":44,"closed":44,"winRate":54.54545454545454,"avgR":-0.0545454545454834,"profitFactor":0.8799999999999365,"maxDD":5.600000000000667,"avgSlPips":8.029183899372493},"EURGBP":{"label":"EURGBP OUT-OF-SAMPLE","signals":25,"closed":25,"winRate":64,"avgR":0.08799999999999106,"profitFactor":1.24444444444442,"maxDD":3.300000000000014,"avgSlPips":8.00000000000023},"EURJPY":{"label":"EURJPY OUT-OF-SAMPLE","signals":31,"closed":31,"winRate":58.06451612903226,"avgR":0.012903225806455747,"profitFactor":1.0307692307692404,"maxDD":3.500000000000017,"avgSlPips":9.08102388693347},"GBPUSD":{"label":"GBPUSD OUT-OF-SAMPLE","signals":6,"closed":6,"winRate":66.66666666666666,"avgR":0.1333333333332963,"profitFactor":1.3999999999998889,"maxDD":1.3000000000000556,"avgSlPips":7.999999999999119},"USDJPY":{"label":"USDJPY OUT-OF-SAMPLE","signals":9,"closed":9,"winRate":33.33333333333333,"avgR":-0.43333333333331864,"profitFactor":0.350000000000022,"maxDD":5.3,"avgSlPips":9.255945177357539},"USDCHF":{"label":"USDCHF OUT-OF-SAMPLE","signals":7,"closed":7,"winRate":42.857142857142854,"avgR":-0.2714285714285774,"profitFactor":0.5249999999999896,"maxDD":3.300000000000014,"avgSlPips":8.00000000000023},"USDCAD":{"label":"USDCAD OUT-OF-SAMPLE","signals":9,"closed":9,"winRate":66.66666666666666,"avgR":0.1333333333332963,"profitFactor":1.3999999999998887,"maxDD":1,"avgSlPips":7.999999999999119},"AUDUSD":{"label":"AUDUSD OUT-OF-SAMPLE","signals":10,"closed":10,"winRate":70,"avgR":0.18999999999999023,"profitFactor":1.6333333333333009,"maxDD":1.300000000000014,"avgSlPips":8.00000000000023},"NZDUSD":{"label":"NZDUSD OUT-OF-SAMPLE","signals":10,"closed":10,"winRate":70,"avgR":0.5499999999999929,"profitFactor":2.8333333333333104,"maxDD":1.300000000000014,"avgSlPips":8.00000000000023},"AUDJPY":{"label":"AUDJPY OUT-OF-SAMPLE","signals":51,"closed":51,"winRate":50.98039215686274,"avgR":-0.11764705882353883,"profitFactor":0.7599999999999804,"maxDD":9.200000000000248,"avgSlPips":8.443788602420147},"CADJPY":{"label":"CADJPY OUT-OF-SAMPLE","signals":38,"closed":38,"winRate":73.68421052631578,"avgR":0.29473684210525086,"profitFactor":2.119999999999953,"maxDD":3,"avgSlPips":8.168007261609601},"CHFJPY":{"label":"CHFJPY OUT-OF-SAMPLE","signals":42,"closed":42,"winRate":54.761904761904766,"avgR":-0.06904761904760363,"profitFactor":0.8473684210526655,"maxDD":7.99999999999981,"avgSlPips":9.190014681091238},"NZDJPY":{"label":"NZDJPY OUT-OF-SAMPLE","signals":53,"closed":53,"winRate":54.71698113207547,"avgR":0.009433962264142582,"profitFactor":1.0208333333333146,"maxDD":7,"avgSlPips":8.019206451718864},"GBPJPY":{"label":"GBPJPY OUT-OF-SAMPLE","signals":41,"closed":41,"winRate":53.65853658536586,"avgR":-0.02926829268290752,"profitFactor":0.9368421052631994,"maxDD":4.799999999999819,"avgSlPips":8.833491495856098}}}