{"splitTime":"2026-05-06T10:10:33.000Z","current":{"inSample":{"label":"Current (in-sample)","signals":364,"closed":364,"winRate":76.64835164835165,"avgR":-0.04630063465227891,"profitFactor":0.8402065454757334,"maxDD":23.30418956043792,"avgSlPips":9.491758241758246,"avgTp1Pips":3.3221153846153766},"outOfSample":{"label":"Current (out-of-sample)","signals":119,"closed":119,"winRate":78.99159663865547,"avgR":-0.05103739514452774,"profitFactor":0.8042456138050891,"maxDD":9.83607517482505,"avgSlPips":9.117647058823527,"avgTp1Pips":3.1911764705882395}},"tp1Min8":{"inSample":{"label":"TP1 min 8 pips (in-sample)","signals":364,"closed":364,"winRate":63.73626373626373,"avgR":0.01943501858337889,"profitFactor":1.0430225580431738,"maxDD":17.176332417583104,"avgSlPips":9.491758241758246,"avgTp1Pips":8.067582417582416},"outOfSample":{"label":"TP1 min 8 pips (out-of-sample)","signals":119,"closed":119,"winRate":65.54621848739495,"avgR":0.0036523595452244723,"profitFactor":1.0085046566691305,"maxDD":15.180961538461395,"avgSlPips":9.117647058823527,"avgTp1Pips":8.064705882352948}}}